-- phpMyAdmin SQL Dump
-- version 4.7.4
-- https://www.phpmyadmin.net/
--
-- Host: 127.0.0.1
-- Generation Time: 23 Jun 2021 pada 04.58
-- Versi Server: 10.1.29-MariaDB
-- PHP Version: 7.2.0

SET SQL_MODE = "NO_AUTO_VALUE_ON_ZERO";
SET AUTOCOMMIT = 0;
START TRANSACTION;
SET time_zone = "+00:00";


/*!40101 SET @OLD_CHARACTER_SET_CLIENT=@@CHARACTER_SET_CLIENT */;
/*!40101 SET @OLD_CHARACTER_SET_RESULTS=@@CHARACTER_SET_RESULTS */;
/*!40101 SET @OLD_COLLATION_CONNECTION=@@COLLATION_CONNECTION */;
/*!40101 SET NAMES utf8mb4 */;

--
-- Database: `pkl_data_gg`
--

-- --------------------------------------------------------

--
-- Struktur dari tabel `status_gg`
--

CREATE TABLE `status_gg` (
  `id_gg` int(11) NOT NULL,
  `id_user` int(11) NOT NULL,
  `id_ultg` int(11) NOT NULL,
  `id_tt` int(11) NOT NULL,
  `nama_status` enum('AR','TRIP','','') NOT NULL,
  `penyebab` enum('Lain-lain','Pohon','Petir','Hewan','Peralatan','Proteksi') NOT NULL,
  `waktu_trip_lepas` datetime NOT NULL,
  `waktu_trip_masuk` datetime NOT NULL,
  `durasi_number` time NOT NULL,
  `durasi_menit` float NOT NULL,
  `durasi_jam` float NOT NULL,
  `keterangan` text,
  `tgl_input` timestamp NOT NULL DEFAULT CURRENT_TIMESTAMP ON UPDATE CURRENT_TIMESTAMP
) ENGINE=InnoDB DEFAULT CHARSET=latin1;

--
-- Dumping data untuk tabel `status_gg`
--

INSERT INTO `status_gg` (`id_gg`, `id_user`, `id_ultg`, `id_tt`, `nama_status`, `penyebab`, `waktu_trip_lepas`, `waktu_trip_masuk`, `durasi_number`, `durasi_menit`, `durasi_jam`, `keterangan`, `tgl_input`) VALUES
(1, 6, 1, 11, 'TRIP', 'Peralatan', '2018-01-15 15:46:00', '2018-01-15 20:56:00', '05:10:00', 310, 5.16667, NULL, '2021-05-31 09:06:32'),
(2, 6, 1, 16, 'TRIP', 'Petir', '2018-02-05 05:45:00', '2018-02-05 05:58:00', '00:13:00', 13, 0.216667, NULL, '2021-05-31 09:06:32'),
(3, 6, 1, 17, 'TRIP', 'Proteksi', '2018-02-26 18:57:00', '2018-02-26 19:43:00', '00:46:00', 46, 0.766667, NULL, '2021-05-31 09:06:32'),
(4, 6, 1, 18, 'TRIP', 'Pohon', '2018-03-09 13:02:00', '2018-03-09 13:14:00', '00:12:00', 12, 0.2, NULL, '2021-05-31 09:06:33'),
(5, 6, 1, 19, 'TRIP', 'Lain-lain', '2018-04-03 22:30:00', '2018-04-04 08:52:00', '10:22:00', 622, 10.3667, NULL, '2021-05-31 09:06:33'),
(6, 6, 1, 6, 'AR', 'Petir', '2018-04-06 18:21:00', '2018-04-06 18:21:00', '00:00:00', 0, 0, NULL, '2021-05-31 09:06:33'),
(7, 6, 1, 7, 'AR', 'Petir', '2018-04-06 18:21:00', '2018-04-06 18:21:00', '00:00:00', 0, 0, NULL, '2021-05-31 09:06:33'),
(8, 6, 1, 22, 'TRIP', 'Proteksi', '2018-04-06 18:21:00', '2018-04-06 18:34:00', '00:13:00', 13, 0.216667, NULL, '2021-05-31 09:06:33'),
(9, 6, 1, 23, 'TRIP', 'Hewan', '2018-04-24 23:05:00', '2018-04-24 23:37:00', '00:32:00', 32, 0.533333, NULL, '2021-05-31 09:06:33'),
(10, 6, 1, 8, 'AR', 'Petir', '2018-05-13 22:53:00', '2018-05-13 22:53:00', '00:00:00', 0, 0, NULL, '2021-05-31 09:06:33'),
(11, 6, 1, 26, 'TRIP', 'Petir', '2018-05-19 17:11:00', '2018-05-19 17:46:00', '00:35:00', 35, 0.583333, NULL, '2021-05-31 09:06:33'),
(12, 6, 1, 9, 'AR', 'Petir', '2018-06-25 06:31:00', '2018-06-25 06:31:00', '00:00:00', 0, 0, NULL, '2021-05-31 09:06:33'),
(13, 6, 1, 28, 'TRIP', 'Petir', '2018-08-19 14:28:00', '2018-08-19 15:13:00', '00:45:00', 45, 0.75, NULL, '2021-05-31 09:06:33'),
(14, 6, 1, 29, 'TRIP', 'Lain-lain', '2018-09-25 16:25:00', '2018-09-25 16:31:00', '00:06:00', 6, 0.1, NULL, '2021-05-31 09:06:33'),
(15, 6, 1, 30, 'TRIP', 'Lain-lain', '2018-09-26 15:15:00', '2018-09-26 15:18:00', '00:03:00', 3, 0.05, NULL, '2021-05-31 09:06:33'),
(16, 6, 1, 10, 'AR', 'Petir', '2018-10-25 14:43:00', '2018-10-25 14:43:00', '00:00:00', 0, 0, NULL, '2021-05-31 09:06:33'),
(17, 6, 1, 32, 'TRIP', 'Peralatan', '2018-11-07 17:37:00', '2018-11-07 18:10:00', '00:33:00', 33, 0.55, NULL, '2021-05-31 09:06:33'),
(18, 6, 1, 33, 'TRIP', 'Peralatan', '2018-12-05 15:20:00', '2018-12-05 16:20:00', '01:00:00', 60, 1, NULL, '2021-05-31 09:06:33'),
(19, 6, 1, 34, 'TRIP', 'Peralatan', '2018-12-05 15:20:00', '2018-12-05 15:24:00', '00:04:00', 4, 0.0666667, NULL, '2021-05-31 09:06:33'),
(20, 6, 1, 35, 'TRIP', 'Peralatan', '2018-12-20 20:54:00', '2018-12-20 21:07:00', '00:13:00', 13, 0.216667, NULL, '2021-05-31 09:06:33'),
(21, 6, 2, 44, 'TRIP', 'Petir', '2018-01-04 15:06:00', '2018-01-04 17:04:00', '01:58:00', 118, 1.96667, NULL, '2021-05-31 09:06:33'),
(22, 6, 2, 45, 'TRIP', 'Pohon', '2018-01-23 15:15:00', '2018-01-23 15:44:00', '00:29:00', 29, 0.483333, NULL, '2021-05-31 09:06:33'),
(23, 6, 2, 46, 'TRIP', 'Petir', '2018-02-02 01:45:00', '2018-02-02 02:36:00', '00:51:00', 51, 0.85, NULL, '2021-05-31 09:06:33'),
(24, 6, 2, 47, 'TRIP', 'Pohon', '2018-02-04 13:40:00', '2018-02-04 14:00:00', '00:20:00', 20, 0.333333, NULL, '2021-05-31 09:06:33'),
(25, 6, 2, 48, 'TRIP', 'Pohon', '2018-03-12 10:04:00', '2018-03-12 10:14:00', '00:10:00', 10, 0.166667, NULL, '2021-05-31 09:06:33'),
(26, 6, 2, 49, 'AR', 'Petir', '2018-03-12 13:25:00', '2018-03-12 13:25:00', '00:00:00', 0, 0, NULL, '2021-05-31 09:06:33'),
(27, 6, 2, 50, 'AR', 'Petir', '2018-03-12 13:42:00', '2018-03-12 13:42:00', '00:00:00', 0, 0, NULL, '2021-05-31 09:06:33'),
(28, 6, 2, 51, 'AR', 'Petir', '2018-03-24 12:57:00', '2018-03-24 12:57:00', '00:00:00', 0, 0, NULL, '2021-05-31 09:06:33'),
(29, 6, 2, 52, 'AR', 'Petir', '2018-03-24 12:57:00', '2018-03-24 12:57:00', '00:00:00', 0, 0, NULL, '2021-05-31 09:06:33'),
(30, 6, 2, 53, 'AR', 'Petir', '2018-03-26 14:33:00', '2018-03-26 14:33:00', '00:00:00', 0, 0, NULL, '2021-05-31 09:06:33'),
(31, 6, 2, 54, 'AR', 'Petir', '2018-03-29 02:26:00', '2018-03-29 02:26:00', '00:00:00', 0, 0, NULL, '2021-05-31 09:06:34'),
(32, 6, 2, 55, 'TRIP', 'Petir', '2018-04-24 13:45:00', '2018-04-24 14:06:00', '00:21:00', 21, 0.35, NULL, '2021-05-31 09:06:34'),
(33, 6, 2, 56, 'TRIP', 'Petir', '2018-04-24 13:45:00', '2018-04-24 13:52:00', '00:07:00', 7, 0.116667, NULL, '2021-05-31 09:06:34'),
(34, 6, 2, 57, 'TRIP', 'Proteksi', '2018-04-24 16:05:00', '2018-04-24 16:24:00', '00:19:00', 19, 0.316667, NULL, '2021-05-31 09:06:34'),
(35, 6, 2, 58, 'AR', 'Petir', '2018-04-30 13:37:00', '2018-04-30 13:37:00', '00:00:00', 0, 0, NULL, '2021-05-31 09:06:34'),
(36, 6, 2, 59, 'TRIP', 'Petir', '2018-05-23 05:15:00', '2018-05-23 05:58:00', '00:43:00', 43, 0.716667, NULL, '2021-05-31 09:06:34'),
(37, 6, 2, 60, 'TRIP', 'Pohon', '2018-05-24 04:10:00', '2018-05-24 06:20:00', '02:10:00', 130, 2.16667, NULL, '2021-05-31 09:06:34'),
(38, 6, 2, 44, 'TRIP', 'Petir', '2018-05-24 04:25:00', '2018-05-24 05:52:00', '01:27:00', 87, 1.45, NULL, '2021-05-31 09:06:34'),
(39, 6, 2, 45, 'TRIP', 'Petir', '2018-05-24 04:25:00', '2018-05-24 06:22:00', '01:57:00', 117, 1.95, NULL, '2021-05-31 09:06:34'),
(40, 6, 2, 46, 'TRIP', 'Pohon', '2018-06-29 09:47:00', '2018-06-29 09:57:00', '00:10:00', 10, 0.166667, NULL, '2021-05-31 09:06:34'),
(41, 6, 2, 47, 'TRIP', 'Pohon', '2018-08-27 10:21:00', '2018-08-27 10:35:00', '00:14:00', 14, 0.233333, NULL, '2021-05-31 09:06:34'),
(42, 6, 2, 48, 'AR', 'Petir', '2018-09-06 03:18:00', '2018-09-06 03:18:00', '00:00:00', 0, 0, NULL, '2021-05-31 09:06:34'),
(43, 6, 2, 49, 'TRIP', 'Hewan', '2018-09-14 08:17:00', '2018-09-14 08:50:00', '00:33:00', 33, 0.55, NULL, '2021-05-31 09:06:34'),
(44, 6, 2, 50, 'AR', 'Petir', '2018-10-08 14:10:00', '2018-10-08 14:10:00', '00:00:00', 0, 0, NULL, '2021-05-31 09:06:34'),
(45, 6, 2, 51, 'TRIP', 'Pohon', '2018-10-24 09:10:00', '2018-10-24 12:10:00', '03:00:00', 180, 3, NULL, '2021-05-31 09:06:34'),
(46, 6, 2, 52, 'TRIP', 'Petir', '2018-11-14 12:20:00', '2018-11-14 12:53:00', '00:33:00', 33, 0.55, NULL, '2021-05-31 09:06:34'),
(47, 6, 2, 53, 'TRIP', 'Petir', '2018-11-14 12:20:00', '2018-11-14 12:29:00', '00:09:00', 9, 0.15, NULL, '2021-05-31 09:06:34'),
(48, 6, 2, 54, 'TRIP', 'Petir', '2018-11-30 20:27:00', '2018-11-30 20:43:00', '00:16:00', 16, 0.266667, NULL, '2021-05-31 09:06:34'),
(49, 6, 2, 55, 'TRIP', 'Petir', '2018-11-30 20:27:00', '2018-11-30 20:59:00', '00:32:00', 32, 0.533333, NULL, '2021-05-31 09:06:34'),
(50, 6, 2, 56, 'AR', 'Petir', '2018-12-05 15:20:00', '2018-12-05 15:20:00', '00:00:00', 0, 0, NULL, '2021-05-31 09:06:34'),
(51, 6, 2, 57, 'TRIP', 'Petir', '2018-12-05 16:03:00', '2018-12-05 16:10:00', '00:07:00', 7, 0.116667, NULL, '2021-05-31 09:06:34'),
(52, 6, 2, 58, 'TRIP', 'Petir', '2018-12-10 16:47:00', '2018-12-10 17:13:00', '00:26:00', 26, 0.433333, NULL, '2021-05-31 09:06:35'),
(53, 6, 2, 59, 'TRIP', 'Petir', '2018-12-10 16:47:00', '2018-12-10 17:20:00', '00:33:00', 33, 0.55, NULL, '2021-05-31 09:06:35'),
(54, 6, 2, 60, 'AR', 'Petir', '2018-12-12 13:28:00', '2018-12-12 13:28:00', '00:00:00', 0, 0, NULL, '2021-05-31 09:06:35'),
(55, 6, 2, 44, 'TRIP', 'Petir', '2018-12-12 13:28:00', '2018-12-12 13:49:00', '00:21:00', 21, 0.35, NULL, '2021-05-31 09:06:35'),
(56, 6, 2, 45, 'TRIP', 'Lain-lain', '2018-12-18 03:59:00', '2018-12-18 04:52:00', '00:53:00', 53, 0.883333, NULL, '2021-05-31 09:06:35'),
(57, 6, 2, 46, 'TRIP', 'Lain-lain', '2018-12-18 04:52:00', '2018-12-18 13:05:00', '08:13:00', 493, 8.21667, NULL, '2021-05-31 09:06:35'),
(58, 6, 2, 61, 'TRIP', 'Proteksi', '2018-01-28 06:15:00', '2018-01-28 10:26:00', '04:11:00', 251, 4.18333, NULL, '2021-05-31 09:06:35'),
(59, 6, 2, 62, 'TRIP', 'Peralatan', '2018-02-10 17:47:00', '2018-02-10 18:58:00', '01:11:00', 71, 1.18333, NULL, '2021-05-31 09:06:35'),
(60, 6, 2, 63, 'TRIP', 'Hewan', '2018-03-06 18:08:00', '2018-03-06 18:31:00', '00:23:00', 23, 0.383333, NULL, '2021-05-31 09:06:35'),
(61, 6, 2, 64, 'TRIP', 'Peralatan', '2018-03-18 19:08:00', '2018-03-18 20:05:00', '00:57:00', 57, 0.95, NULL, '2021-05-31 09:06:35'),
(62, 6, 2, 65, 'TRIP', 'Peralatan', '2018-05-11 10:01:00', '2018-05-11 19:45:00', '09:44:00', 584, 9.73333, NULL, '2021-05-31 09:06:35'),
(63, 6, 2, 66, 'TRIP', 'Peralatan', '2018-08-26 06:15:00', '2018-08-26 07:37:00', '01:22:00', 82, 1.36667, NULL, '2021-05-31 09:06:35'),
(64, 6, 4, 79, 'TRIP', 'Petir', '2018-01-18 02:41:00', '2018-01-18 07:09:00', '04:28:00', 268, 4.46667, NULL, '2021-05-31 09:06:35'),
(65, 6, 4, 80, 'AR', 'Petir', '2018-03-28 22:42:00', '2018-03-28 22:42:00', '00:00:00', 0, 0, NULL, '2021-05-31 09:06:35'),
(66, 6, 4, 81, 'TRIP', 'Petir', '2018-03-30 18:08:00', '2018-03-30 18:38:00', '00:30:00', 30, 0.5, NULL, '2021-05-31 09:06:35'),
(67, 6, 4, 82, 'AR', 'Petir', '2018-04-03 06:52:00', '2018-04-03 06:52:00', '00:00:00', 0, 0, NULL, '2021-05-31 09:06:35'),
(68, 6, 4, 83, 'TRIP', 'Petir', '2018-04-03 06:52:00', '2018-04-03 07:27:00', '00:35:00', 35, 0.583333, NULL, '2021-05-31 09:06:35'),
(69, 6, 4, 84, 'AR', 'Petir', '2018-04-03 06:55:00', '2018-04-03 06:55:00', '00:00:00', 0, 0, NULL, '2021-05-31 09:06:35'),
(70, 6, 4, 84, 'AR', 'Petir', '2018-05-12 17:23:00', '2018-05-12 17:23:00', '00:00:00', 0, 0, NULL, '2021-05-31 09:06:35'),
(71, 6, 4, 84, 'AR', 'Petir', '2018-05-12 17:23:00', '2018-05-12 17:23:00', '00:00:00', 0, 0, NULL, '2021-05-31 09:06:35'),
(72, 6, 4, 84, 'AR', 'Pohon', '2018-06-02 13:06:00', '2018-06-02 13:06:00', '00:00:00', 0, 0, NULL, '2021-05-31 09:06:35'),
(73, 6, 4, 84, 'TRIP', 'Pohon', '2018-06-07 12:28:00', '2018-06-07 14:14:00', '01:46:00', 106, 1.76667, NULL, '2021-05-31 09:06:35'),
(74, 6, 4, 84, 'TRIP', 'Pohon', '2018-06-08 13:35:00', '2018-06-08 14:29:00', '00:54:00', 54, 0.9, NULL, '2021-05-31 09:06:35'),
(75, 6, 4, 84, 'AR', 'Pohon', '2018-06-08 16:58:00', '2018-06-08 16:58:00', '00:00:00', 0, 0, NULL, '2021-05-31 09:06:35'),
(76, 6, 4, 84, 'AR', 'Pohon', '2018-06-14 07:43:00', '2018-06-14 07:43:00', '00:00:00', 0, 0, NULL, '2021-05-31 09:06:35'),
(77, 6, 4, 84, 'TRIP', 'Pohon', '2018-06-17 11:31:00', '2018-06-17 12:55:00', '01:24:00', 84, 1.4, NULL, '2021-05-31 09:06:35'),
(78, 6, 4, 84, 'TRIP', 'Pohon', '2018-06-17 14:27:00', '2018-06-17 15:07:00', '00:40:00', 40, 0.666667, NULL, '2021-05-31 09:06:36'),
(79, 6, 4, 84, 'AR', 'Pohon', '2018-06-30 02:08:00', '2018-06-30 02:08:00', '00:00:00', 0, 0, NULL, '2021-05-31 09:06:36'),
(80, 6, 4, 84, 'TRIP', 'Pohon', '2018-07-21 15:26:00', '2018-07-21 16:02:00', '00:36:00', 36, 0.6, NULL, '2021-05-31 09:06:36'),
(81, 6, 4, 80, 'AR', 'Pohon', '2018-07-24 13:46:00', '2018-07-24 13:46:00', '00:00:00', 0, 0, NULL, '2021-05-31 09:06:36'),
(82, 6, 4, 80, 'AR', 'Pohon', '2018-09-24 17:02:00', '2018-09-24 17:02:00', '00:00:00', 0, 0, NULL, '2021-05-31 09:06:36'),
(83, 6, 4, 80, 'TRIP', 'Petir', '2018-10-10 15:16:00', '2018-10-10 15:42:00', '00:26:00', 26, 0.433333, NULL, '2021-05-31 09:06:36'),
(84, 6, 4, 80, 'TRIP', 'Petir', '2018-10-10 15:16:00', '2018-10-10 16:24:00', '01:08:00', 68, 1.13333, NULL, '2021-05-31 09:06:36'),
(85, 6, 4, 80, 'TRIP', 'Petir', '2018-11-06 15:40:00', '2018-11-06 15:56:00', '00:16:00', 16, 0.266667, NULL, '2021-05-31 09:06:36'),
(86, 6, 4, 80, 'TRIP', 'Petir', '2018-11-06 15:40:00', '2018-11-06 16:25:00', '00:45:00', 45, 0.75, NULL, '2021-05-31 09:06:36'),
(87, 6, 4, 81, 'AR', 'Pohon', '2018-11-15 18:00:00', '2018-11-15 18:00:00', '00:00:00', 0, 0, NULL, '2021-05-31 09:06:36'),
(88, 6, 4, 82, 'TRIP', 'Petir', '2018-11-15 18:00:00', '2018-11-15 18:25:00', '00:25:00', 25, 0.416667, NULL, '2021-05-31 09:06:36'),
(89, 6, 4, 83, 'AR', 'Pohon', '2018-12-10 20:28:00', '2018-12-10 20:28:00', '00:00:00', 0, 0, NULL, '2021-05-31 09:06:36'),
(90, 6, 4, 84, 'AR', 'Pohon', '2018-12-13 22:01:00', '2018-12-13 22:01:00', '00:00:00', 0, 0, NULL, '2021-05-31 09:06:36'),
(91, 6, 5, 88, 'AR', 'Petir', '2018-03-03 00:45:00', '2018-03-03 00:45:00', '00:00:00', 0, 0, NULL, '2021-05-31 09:06:36'),
(92, 6, 5, 89, 'AR', 'Petir', '2018-03-03 00:45:00', '2018-03-03 00:45:00', '00:00:00', 0, 0, NULL, '2021-05-31 09:06:36'),
(93, 6, 5, 90, 'AR', 'Petir', '2018-03-12 13:47:00', '2018-03-12 13:47:00', '00:00:00', 0, 0, NULL, '2021-05-31 09:06:36'),
(94, 6, 5, 91, 'AR', 'Petir', '2018-03-19 14:35:00', '2018-03-19 14:35:00', '00:00:00', 0, 0, NULL, '2021-05-31 09:06:36'),
(95, 6, 5, 92, 'AR', 'Petir', '2018-03-19 14:35:00', '2018-03-19 14:35:00', '00:00:00', 0, 0, NULL, '2021-05-31 09:06:36'),
(96, 6, 5, 93, 'AR', 'Petir', '2018-03-19 14:36:00', '2018-03-19 14:36:00', '00:00:00', 0, 0, NULL, '2021-05-31 09:06:36'),
(97, 6, 5, 94, 'AR', 'Petir', '2018-03-19 14:36:00', '2018-03-19 14:36:00', '00:00:00', 0, 0, NULL, '2021-05-31 09:06:36'),
(98, 6, 5, 95, 'TRIP', 'Petir', '2018-03-24 17:16:00', '2018-03-24 17:25:00', '00:09:00', 9, 0.15, NULL, '2021-05-31 09:06:36'),
(99, 6, 5, 96, 'AR', 'Petir', '2018-04-11 18:55:00', '2018-04-11 18:55:00', '00:00:00', 0, 0, NULL, '2021-05-31 09:06:36'),
(100, 6, 5, 97, 'TRIP', 'Petir', '2018-04-11 19:50:00', '2018-04-11 20:27:00', '00:37:00', 37, 0.616667, NULL, '2021-05-31 09:06:36'),
(101, 6, 5, 98, 'AR', 'Petir', '2018-04-20 00:35:00', '2018-04-20 00:35:00', '00:00:00', 0, 0, NULL, '2021-05-31 09:06:36'),
(102, 6, 5, 99, 'TRIP', 'Petir', '2018-05-13 21:17:00', '2018-05-13 21:25:00', '00:08:00', 8, 0.133333, NULL, '2021-05-31 09:06:36'),
(103, 6, 5, 100, 'TRIP', 'Petir', '2018-05-19 17:11:00', '2018-05-19 17:50:00', '00:39:00', 39, 0.65, NULL, '2021-05-31 09:06:36'),
(104, 6, 5, 101, 'AR', 'Petir', '2018-06-18 22:55:00', '2018-06-18 22:55:00', '00:00:00', 0, 0, NULL, '2021-05-31 09:06:36'),
(105, 6, 5, 102, 'TRIP', 'Lain-lain', '2018-06-21 16:05:00', '2018-06-21 16:09:00', '00:04:00', 4, 0.0666667, NULL, '2021-05-31 09:06:36'),
(106, 6, 5, 103, 'AR', 'Petir', '2018-06-22 18:22:00', '2018-06-22 18:22:00', '00:00:00', 0, 0, NULL, '2021-05-31 09:06:37'),
(107, 6, 5, 104, 'TRIP', 'Lain-lain', '2018-06-25 17:33:00', '2018-06-25 21:30:00', '03:57:00', 237, 3.95, NULL, '2021-05-31 09:06:37'),
(108, 6, 5, 105, 'AR', 'Petir', '2018-07-27 20:10:00', '2018-07-27 20:10:00', '00:00:00', 0, 0, NULL, '2021-05-31 09:06:37'),
(109, 6, 5, 106, 'TRIP', 'Pohon', '2018-08-08 12:51:00', '2018-08-08 13:32:00', '00:41:00', 41, 0.683333, NULL, '2021-05-31 09:06:37'),
(110, 6, 5, 107, 'TRIP', 'Pohon', '2018-08-27 14:05:00', '2018-08-27 14:34:00', '00:29:00', 29, 0.483333, NULL, '2021-05-31 09:06:37'),
(111, 6, 5, 108, 'TRIP', 'Pohon', '2018-08-27 14:34:00', '2018-08-27 18:28:00', '03:54:00', 234, 3.9, NULL, '2021-05-31 09:06:37'),
(112, 6, 5, 109, 'TRIP', 'Pohon', '2018-08-28 08:23:00', '2018-08-28 17:14:00', '08:51:00', 531, 8.85, NULL, '2021-05-31 09:06:37'),
(113, 6, 5, 110, 'TRIP', 'Pohon', '2018-08-29 12:37:00', '2018-08-29 16:47:00', '04:10:00', 250, 4.16667, NULL, '2021-05-31 09:06:37'),
(114, 6, 5, 111, 'TRIP', 'Pohon', '2018-09-11 15:39:00', '2018-09-11 16:08:00', '00:29:00', 29, 0.483333, NULL, '2021-05-31 09:06:37'),
(115, 6, 5, 112, 'AR', 'Petir', '2018-09-13 21:15:00', '2018-09-13 21:15:00', '00:00:00', 0, 0, NULL, '2021-05-31 09:06:37'),
(116, 6, 5, 113, 'TRIP', 'Pohon', '2018-09-17 13:31:00', '2018-09-17 15:03:00', '01:32:00', 92, 1.53333, NULL, '2021-05-31 09:06:37'),
(117, 6, 5, 114, 'AR', 'Petir', '2018-09-18 02:43:00', '2018-09-18 02:43:00', '00:00:00', 0, 0, NULL, '2021-05-31 09:06:37'),
(118, 6, 5, 115, 'AR', 'Petir', '2018-10-06 17:32:00', '2018-10-06 17:32:00', '00:00:00', 0, 0, NULL, '2021-05-31 09:06:37'),
(119, 6, 5, 115, 'AR', 'Petir', '2018-10-06 17:32:00', '2018-10-06 17:32:00', '00:00:00', 0, 0, NULL, '2021-05-31 09:06:37'),
(120, 6, 5, 115, 'TRIP', 'Lain-lain', '2018-10-07 16:08:00', '2018-10-07 17:24:00', '01:16:00', 76, 1.26667, NULL, '2021-05-31 09:06:37'),
(121, 6, 5, 92, 'AR', 'Petir', '2018-10-10 21:24:00', '2018-10-10 21:24:00', '00:00:00', 0, 0, NULL, '2021-05-31 09:06:37'),
(122, 6, 5, 92, 'TRIP', 'Petir', '2018-10-10 21:24:00', '2018-10-10 21:59:00', '00:35:00', 35, 0.583333, NULL, '2021-05-31 09:06:37'),
(123, 6, 5, 93, 'TRIP', 'Petir', '2018-10-10 21:24:00', '2018-10-10 21:30:00', '00:06:00', 6, 0.1, NULL, '2021-05-31 09:06:37'),
(124, 6, 5, 94, 'AR', 'Petir', '2018-10-10 22:11:00', '2018-10-10 22:11:00', '00:00:00', 0, 0, NULL, '2021-05-31 09:06:37'),
(125, 6, 5, 95, 'AR', 'Petir', '2018-10-10 23:24:00', '2018-10-10 23:24:00', '00:00:00', 0, 0, NULL, '2021-05-31 09:06:37'),
(126, 6, 5, 96, 'AR', 'Petir', '2018-10-11 00:07:00', '2018-10-11 00:07:00', '00:00:00', 0, 0, NULL, '2021-05-31 09:06:37'),
(127, 6, 5, 97, 'AR', 'Petir', '2018-10-11 00:07:00', '2018-10-11 00:07:00', '00:00:00', 0, 0, NULL, '2021-05-31 09:06:37'),
(128, 6, 5, 98, 'AR', 'Petir', '2018-10-11 00:07:00', '2018-10-11 00:07:00', '00:00:00', 0, 0, NULL, '2021-05-31 09:06:37'),
(129, 6, 5, 98, 'TRIP', 'Petir', '2018-10-21 12:28:00', '2018-10-21 13:00:00', '00:32:00', 32, 0.533333, NULL, '2021-05-31 09:06:37'),
(130, 6, 5, 98, 'TRIP', 'Lain-lain', '2018-11-02 00:28:00', '2018-11-04 21:12:00', '68:44:00', 1244, 20.7333, NULL, '2021-05-31 09:06:37'),
(131, 6, 5, 98, 'TRIP', 'Lain-lain', '2018-11-16 14:00:00', '2018-11-16 14:26:00', '00:26:00', 26, 0.433333, NULL, '2021-05-31 09:06:38'),
(132, 6, 5, 98, 'TRIP', 'Lain-lain', '2018-11-17 14:28:00', '2018-11-17 15:05:00', '00:37:00', 37, 0.616667, NULL, '2021-05-31 09:06:38'),
(133, 6, 5, 98, 'AR', 'Petir', '2018-11-17 17:04:00', '2018-11-17 17:04:00', '00:00:00', 0, 0, NULL, '2021-05-31 09:06:38'),
(134, 6, 5, 98, 'TRIP', 'Lain-lain', '2018-11-19 07:37:00', '2018-11-19 07:51:00', '00:14:00', 14, 0.233333, NULL, '2021-05-31 09:06:38'),
(135, 6, 5, 98, 'TRIP', 'Lain-lain', '2018-11-22 14:19:00', '2018-11-22 14:39:00', '00:20:00', 20, 0.333333, NULL, '2021-05-31 09:06:38'),
(136, 6, 5, 115, 'AR', 'Petir', '2018-11-28 00:16:00', '2018-11-28 00:16:00', '00:00:00', 0, 0, NULL, '2021-05-31 09:06:38'),
(137, 6, 5, 115, 'TRIP', 'Petir', '2018-12-10 20:23:00', '2018-12-10 21:25:00', '01:02:00', 62, 1.03333, NULL, '2021-05-31 09:06:38'),
(138, 6, 5, 115, 'AR', 'Petir', '2018-12-10 20:32:00', '2018-12-10 20:32:00', '00:00:00', 0, 0, NULL, '2021-05-31 09:06:38'),
(139, 6, 5, 92, 'TRIP', 'Petir', '2018-12-11 11:24:00', '2018-12-11 11:43:00', '00:19:00', 19, 0.316667, NULL, '2021-05-31 09:06:38'),
(140, 6, 5, 92, 'AR', 'Petir', '2018-12-14 21:55:00', '2018-12-14 21:55:00', '00:00:00', 0, 0, NULL, '2021-05-31 09:06:38'),
(141, 6, 5, 93, 'TRIP', 'Petir', '2018-12-15 18:36:00', '2018-12-15 19:48:00', '01:12:00', 72, 1.2, NULL, '2021-05-31 09:06:38'),
(142, 6, 5, 103, 'TRIP', 'Proteksi', '2018-03-06 19:38:00', '2018-03-07 01:21:00', '05:43:00', 343, 5.71667, NULL, '2021-05-31 09:06:38'),
(143, 6, 5, 104, 'TRIP', 'Proteksi', '2018-03-21 05:02:00', '2018-03-21 07:59:00', '02:57:00', 177, 2.95, NULL, '2021-05-31 09:06:38'),
(144, 6, 5, 105, 'TRIP', 'Peralatan', '2018-10-06 17:32:00', '2018-10-06 17:55:00', '00:23:00', 23, 0.383333, NULL, '2021-05-31 09:06:38'),
(145, 6, 5, 106, 'TRIP', 'Peralatan', '2018-10-06 17:55:00', '2018-10-06 18:58:00', '01:03:00', 63, 1.05, NULL, '2021-05-31 09:06:38'),
(146, 6, 5, 107, 'TRIP', 'Peralatan', '2018-12-10 20:32:00', '2018-12-10 20:54:00', '00:22:00', 22, 0.366667, NULL, '2021-05-31 09:06:38'),
(147, 6, 5, 108, 'TRIP', 'Hewan', '2018-12-31 23:45:00', '2019-01-01 04:10:00', '04:25:00', 265, 4.41667, NULL, '2021-05-31 09:06:38'),
(148, 6, 6, 119, 'TRIP', 'Petir', '2018-02-02 01:45:00', '2018-02-02 03:36:00', '01:51:00', 111, 1.85, NULL, '2021-05-31 09:06:38'),
(149, 6, 6, 120, 'TRIP', 'Petir', '2018-03-14 21:08:00', '2018-03-15 00:38:00', '03:30:00', 210, 3.5, NULL, '2021-05-31 09:06:38'),
(150, 6, 6, 121, 'AR', 'Petir', '2018-03-20 19:59:00', '2018-03-20 19:59:00', '00:00:00', 0, 0, NULL, '2021-05-31 09:06:38'),
(151, 6, 6, 122, 'AR', 'Petir', '2018-05-09 19:20:00', '2018-05-09 19:20:00', '00:00:00', 0, 0, NULL, '2021-05-31 09:06:38'),
(157, 6, 6, 119, 'AR', 'Petir', '2018-06-25 14:32:00', '2018-06-25 14:32:00', '00:00:00', 0, 0, NULL, '2021-05-31 09:06:38'),
(158, 6, 6, 120, 'AR', 'Pohon', '2018-09-07 20:20:00', '2018-09-07 20:20:00', '00:00:00', 0, 0, NULL, '2021-05-31 09:06:39'),
(159, 6, 6, 121, 'TRIP', 'Proteksi', '2018-09-10 11:09:00', '2018-09-10 11:18:00', '00:09:00', 9, 0.15, NULL, '2021-05-31 09:06:39'),
(160, 6, 6, 122, 'AR', 'Pohon', '2018-11-30 21:20:00', '2018-11-30 21:20:00', '00:00:00', 0, 0, NULL, '2021-05-31 09:06:39'),
(162, 6, 6, 122, 'TRIP', 'Proteksi', '2018-04-14 15:50:00', '2018-04-14 16:14:00', '00:24:00', 24, 0.4, NULL, '2021-05-31 09:06:39'),
(163, 6, 6, 123, 'TRIP', 'Peralatan', '2018-05-14 16:22:00', '2018-05-14 17:23:00', '01:01:00', 61, 1.01667, NULL, '2021-05-31 09:06:39'),
(164, 6, 6, 124, 'TRIP', 'Peralatan', '2018-08-24 05:35:00', '2018-08-24 06:02:00', '00:27:00', 27, 0.45, NULL, '2021-05-31 09:06:39'),
(165, 6, 6, 121, 'TRIP', 'Petir', '2021-06-01 19:52:00', '2021-06-01 22:56:00', '03:04:00', 184, 3.06667, '', '2021-06-19 01:55:14'),
(193, 6, 2, 7, 'AR', 'Peralatan', '1970-01-01 01:00:00', '1970-01-01 01:00:00', '00:00:00', 0, 0, '', '2021-06-18 08:35:44'),
(197, 7, 6, 127, 'TRIP', 'Petir', '2021-06-19 10:41:00', '2021-06-19 15:46:00', '05:05:00', 305, 5.08333, '', '2021-06-19 03:41:54');

-- --------------------------------------------------------

--
-- Struktur dari tabel `tb_user`
--

CREATE TABLE `tb_user` (
  `id_user` int(11) NOT NULL,
  `no_induk` varchar(25) NOT NULL,
  `nama` varchar(100) NOT NULL,
  `username` varchar(25) NOT NULL,
  `password` varchar(500) NOT NULL,
  `alamat` text NOT NULL,
  `jk` enum('l','p') NOT NULL,
  `no_hp` varchar(13) NOT NULL,
  `email` varchar(25) NOT NULL,
  `level` enum('operator','pegawai','admin') NOT NULL,
  `foto` text NOT NULL
) ENGINE=InnoDB DEFAULT CHARSET=latin1;

--
-- Dumping data untuk tabel `tb_user`
--

INSERT INTO `tb_user` (`id_user`, `no_induk`, `nama`, `username`, `password`, `alamat`, `jk`, `no_hp`, `email`, `level`, `foto`) VALUES
(5, '9820071KST', 'HASPIANNOR R', 'admin', 'c4ca4238a0b923820dcc509a6f75849b', 'DESA TAMPANG', 'l', '082250205871', 'rhaspiannor@gmail.com', 'admin', '6_300.jpg'),
(6, '7719010KST', 'IRWAN WAHYUDY', 'irwan', 'c4ca4238a0b923820dcc509a6f75849b', 'Banjarbaru', 'l', '082250205871', 'irwan@gmail.com', 'operator', ''),
(7, '9920070KST', 'MUHAMMAD FAZAR', 'fajar', 'c4ca4238a0b923820dcc509a6f75849b', 'Amuntai', 'p', '082250205456', 'fajar@gmail.com', 'operator', ''),
(8, '8219016KST', 'KASPIAN NOOR', 'kaspian', 'c4ca4238a0b923820dcc509a6f75849b', 'Banjarmasin', 'l', '082250205098', 'kaspian@gmail.com', 'operator', ''),
(13, '9920077KST', 'Seftian Hanafi', 'nafi', 'c4ca4238a0b923820dcc509a6f75849b', 'Desa Jilatan', 'l', '082254888377', 'seftian.hanafi09@gmail.co', 'pegawai', '');

-- --------------------------------------------------------

--
-- Struktur dari tabel `transmisi_trafo`
--

CREATE TABLE `transmisi_trafo` (
  `id_tt` int(11) NOT NULL,
  `id_ultg` int(11) NOT NULL,
  `nama_tt` varchar(100) NOT NULL,
  `kode` enum('TL','TR','','') NOT NULL
) ENGINE=InnoDB DEFAULT CHARSET=latin1;

--
-- Dumping data untuk tabel `transmisi_trafo`
--

INSERT INTO `transmisi_trafo` (`id_tt`, `id_ultg`, `nama_tt`, `kode`) VALUES
(6, 1, 'KAYUTANGI-MARABAHAN #2', 'TL'),
(7, 1, 'KAYUTANGI-SEI TABUK #1', 'TL'),
(8, 1, 'KAYUTANGI-SEI TABUK #2', 'TL'),
(9, 1, 'MANTUIL-TRISAKTI #1', 'TL'),
(10, 1, 'MANTUIL-TRISAKTI #2', 'TL'),
(11, 1, 'PELAIHARI-BATI BATI', 'TR'),
(12, 1, 'SEBERANG BARITO-KAYUTANGI #1', 'TL'),
(13, 1, 'SEBERANG BARITO-KAYUTANGI #2', 'TL'),
(14, 1, 'SEBERANG BARITO-SELAT #1', 'TL'),
(15, 1, 'SEBERANG BARITO-SELAT #2', 'TL'),
(16, 1, 'SKS-KUALA KURUN', 'TR'),
(17, 1, 'TRAFO #1 GIS ULIN', 'TR'),
(18, 1, 'TRAFO #1 KAYUTANGI', 'TR'),
(19, 1, 'TRAFO #1 MANTUIL', 'TR'),
(20, 1, 'TRAFO #1 MARABAHAN', 'TR'),
(21, 1, 'TRAFO #1 SEBERANG BARITO', 'TR'),
(22, 1, 'TRAFO #1 SEI TABUK', 'TR'),
(23, 1, 'TRAFO #1 SELAT', 'TR'),
(24, 1, 'TRAFO #1 ULIN', 'TR'),
(26, 1, 'TRAFO #2 GIS ULIN', 'TR'),
(27, 1, 'TRAFO #2 MANTUIL', 'TR'),
(28, 1, 'TRAFO #2 SEBERANG BARITO', 'TR'),
(29, 1, 'TRAFO #2 SELAT', 'TR'),
(30, 1, 'TRAFO #3 MANTUIL', 'TR'),
(31, 1, 'TRAFO #5 TRISAKTI 150', 'TR'),
(32, 1, 'TRAFO #5 TRISAKTI 70', 'TR'),
(33, 1, 'TRAFO #5 ULIN', 'TR'),
(34, 1, 'TRAFO #6 TRISAKTI 150', 'TR'),
(35, 1, 'TRAFO #6 TRISAKTI 70', 'TR'),
(36, 1, 'TRAFO #7 TRISAKTI 70', 'TR'),
(37, 1, 'TRAFO IBT #1 TRISAKTI 150', 'TR'),
(38, 1, 'TRAFO IBT #2 TRISAKTI 150', 'TR'),
(39, 1, 'TRAFO MOBILE #6 ULIN', 'TR'),
(40, 1, 'TRISAKTI-SEBERANG BARITO #1', 'TR'),
(41, 1, 'TRISAKTI-SEBERANG BARITO #2', 'TR'),
(42, 1, 'TRISAKTI-ULIN #1', 'TL'),
(43, 1, 'TRISAKTI-ULIN #2', 'TL'),
(44, 2, 'ASAM ASAM-CEMPAKA #1', 'TL'),
(45, 2, 'ASAM ASAM-MANTUIL #1', 'TL'),
(46, 2, 'ASAM ASAM-MANTUIL #2', 'TL'),
(47, 2, 'ASAM ASAM-PELAIHARI #2', 'TL'),
(48, 2, 'ASAM ASAM-SATUI #1', 'TL'),
(49, 2, 'ASAM ASAM-SATUI #2', 'TL'),
(50, 2, 'BANDARA-MANTUIL #1', 'TL'),
(51, 2, 'BANDARA-MANTUIL #2', 'TL'),
(52, 2, 'BATIBATI-CEMPAKA #2', 'TL'),
(53, 2, 'BATULICIN-PULAU LAUT #1', 'TL'),
(54, 2, 'BATULICIN-PULAU LAUT #2', 'TL'),
(55, 2, 'CEMPAKA-BANDARA #1', 'TL'),
(56, 2, 'CEMPAKA-BANDARA #2', 'TL'),
(57, 2, 'PLTA-CEMPAKA #1', 'TL'),
(58, 2, 'PLTA-CEMPAKA #2', 'TL'),
(59, 2, 'SATUI-BATULICIN #1', 'TL'),
(60, 2, 'SATUI-BATULICIN #2', 'TL'),
(61, 2, 'TRAFO #1 ASAM-ASAM', 'TR'),
(62, 2, 'TRAFO #1 BANDARA', 'TR'),
(63, 2, 'TRAFO #1 BATI BATI', 'TR'),
(64, 2, 'TRAFO #1 BATULICIN', 'TR'),
(65, 2, 'TRAFO #1 PELAIHARI', 'TR'),
(66, 2, 'TRAFO #1 PLTA', 'TR'),
(67, 2, 'TRAFO #1 PULAU LAUT', 'TR'),
(68, 2, 'TRAFO #1 SATUI', 'TR'),
(69, 2, 'TRAFO #2 ASAM-ASAM', 'TR'),
(70, 2, 'TRAFO #2 BATULICIN', 'TR'),
(71, 2, 'TRAFO #2 PELAIHARI', 'TR'),
(72, 2, 'TRAFO #3 CEMPAKA 70', 'TR'),
(73, 2, 'TRAFO #3 PELAIHARI', 'TR'),
(74, 2, 'TRAFO #4 CEMPAKA 70', 'TR'),
(75, 2, 'TRAFO #5 CEMPAKA 150', 'TR'),
(76, 2, 'TRAFO #6 CEMPAKA 150', 'TR'),
(77, 2, 'TRAFO #7 CEMPAKA 150', 'TR'),
(78, 2, 'TRAFO IBT CEMPAKA 70', 'TR'),
(79, 4, 'BUNTOK-MUARA TEWEH #1', 'TL'),
(80, 4, 'BUNTOK-MUARA TEWEH #2', 'TL'),
(81, 4, 'MUARA TEWEH-BANGKANAI #1', 'TL'),
(82, 4, 'MUARA TEWEH-BANGKANAI #2', 'TL'),
(83, 4, 'MUARA TEWEH-PURUK CAHU #1', 'TL'),
(84, 4, 'MUARA TEWEH-PURUK CAHU #2', 'TL'),
(85, 4, 'TRAFO #1 BANGKANAI', 'TR'),
(86, 4, 'TRAFO #1 BUNTOK', 'TR'),
(87, 4, 'TRAFO #1 MUARA TEWEH', 'TR'),
(88, 5, 'KASONGAN-PARENGGEAN #2', 'TL'),
(89, 5, 'KASONGAN-PLTU SKS #1', 'TL'),
(90, 5, 'KASONGAN-PLTU SKS #2', 'TL'),
(91, 5, 'KASONGAN-SAMPIT #1', 'TL'),
(92, 5, 'MINTIN-PALANGKARAYA #2', 'TL'),
(93, 5, 'MINTIN-SEBANGAU #1', 'TL'),
(94, 5, 'PALANGKARAYA-KASONGAN #1', 'TL'),
(95, 5, 'PALANGKARAYA-KASONGAN #2', 'TL'),
(96, 5, 'PANGKALAN BANTENG-PANGKALAN', 'TL'),
(97, 5, 'SAMPIT-BAGENDANG #1', 'TL'),
(98, 5, 'SAMPIT-BAGENDANG #2', 'TL'),
(99, 5, 'SAMPIT-PANGKALAN BANTENG #1', 'TL'),
(100, 5, 'SAMPIT-PANGKALAN BUN #2', 'TL'),
(101, 5, 'SAMPIT-PARENGGEAN #2', 'TL'),
(102, 5, 'SEBANGAU-PALANGKARAYA #1', 'TL'),
(103, 5, 'TRAFO #1 BAGENDANG', 'TR'),
(104, 5, 'TRAFO #1 KASONGAN', 'TR'),
(105, 5, 'TRAFO #1 MINTIN', 'TR'),
(106, 5, 'TRAFO #1 PALANGKARAYA', 'TR'),
(107, 5, 'TRAFO #1 PANGKALAN BANTENG', 'TR'),
(108, 5, 'TRAFO #1 PANGKALAN BUN', 'TR'),
(109, 5, 'TRAFO #1 PARENGGEAN', 'TR'),
(110, 5, 'TRAFO #1 PULANG PISAU', 'TR'),
(111, 5, 'TRAFO #1 SAMPIT', 'TR'),
(112, 5, 'TRAFO #1 SEBANGAU', 'TR'),
(113, 5, 'TRAFO #2 BAGENDANG', 'TR'),
(114, 5, 'TRAFO #2 KASONGAN', 'TR'),
(115, 5, 'TRAFO #2 PALANGKARAYA', 'TR'),
(116, 5, 'TRAFO #2 PANGKALAN BUN', 'TR'),
(117, 5, 'TRAFO #2 SAMPIT', 'TR'),
(118, 5, 'TRAFO #3 SAMPIT', 'TR'),
(119, 6, 'BARIKIN-AMUNTAI', 'TL'),
(120, 6, 'BARIKIN-TANJUNG', 'TL'),
(121, 6, 'RANTAU-BARIKIN', 'TL'),
(122, 6, 'TRAFO #1 AMUNTAI', 'TR'),
(123, 6, 'TRAFO #1 BARIKIN', 'TR'),
(124, 6, 'TRAFO #1 RANTAU', 'TR'),
(125, 6, 'TRAFO #1 TANJUNG', 'TR'),
(126, 6, 'TRAFO #2 AMUNTAI', 'TR'),
(127, 6, 'TRAFO #2 BARIKIN', 'TR'),
(128, 6, 'TRAFO #2 RANTAU', 'TR'),
(129, 6, 'TRAFO #2 TANJUNG', 'TR'),
(130, 6, 'TRAFO #3 AMUNTAI', 'TR'),
(131, 6, 'TRAFO #3 BARIKIN', 'TR');

-- --------------------------------------------------------

--
-- Struktur dari tabel `ultg`
--

CREATE TABLE `ultg` (
  `id_ultg` int(11) NOT NULL,
  `nama_ultg` varchar(100) NOT NULL
) ENGINE=InnoDB DEFAULT CHARSET=latin1;

--
-- Dumping data untuk tabel `ultg`
--

INSERT INTO `ultg` (`id_ultg`, `nama_ultg`) VALUES
(1, 'BANDARMASIH'),
(2, 'BANJAR'),
(4, 'MUARA TEWEH'),
(5, 'PALANGKARAYA'),
(6, 'BARABAI');

--
-- Indexes for dumped tables
--

--
-- Indexes for table `status_gg`
--
ALTER TABLE `status_gg`
  ADD PRIMARY KEY (`id_gg`),
  ADD KEY `id_user` (`id_user`),
  ADD KEY `id_tt` (`id_tt`),
  ADD KEY `id_ultg` (`id_ultg`);

--
-- Indexes for table `tb_user`
--
ALTER TABLE `tb_user`
  ADD PRIMARY KEY (`id_user`);

--
-- Indexes for table `transmisi_trafo`
--
ALTER TABLE `transmisi_trafo`
  ADD PRIMARY KEY (`id_tt`),
  ADD KEY `id_ultg` (`id_ultg`);

--
-- Indexes for table `ultg`
--
ALTER TABLE `ultg`
  ADD PRIMARY KEY (`id_ultg`);

--
-- AUTO_INCREMENT for dumped tables
--

--
-- AUTO_INCREMENT for table `status_gg`
--
ALTER TABLE `status_gg`
  MODIFY `id_gg` int(11) NOT NULL AUTO_INCREMENT, AUTO_INCREMENT=198;

--
-- AUTO_INCREMENT for table `tb_user`
--
ALTER TABLE `tb_user`
  MODIFY `id_user` int(11) NOT NULL AUTO_INCREMENT, AUTO_INCREMENT=14;

--
-- AUTO_INCREMENT for table `transmisi_trafo`
--
ALTER TABLE `transmisi_trafo`
  MODIFY `id_tt` int(11) NOT NULL AUTO_INCREMENT, AUTO_INCREMENT=132;

--
-- AUTO_INCREMENT for table `ultg`
--
ALTER TABLE `ultg`
  MODIFY `id_ultg` int(11) NOT NULL AUTO_INCREMENT, AUTO_INCREMENT=7;

--
-- Ketidakleluasaan untuk tabel pelimpahan (Dumped Tables)
--

--
-- Ketidakleluasaan untuk tabel `status_gg`
--
ALTER TABLE `status_gg`
  ADD CONSTRAINT `status_gg_ibfk_1` FOREIGN KEY (`id_user`) REFERENCES `tb_user` (`id_user`) ON DELETE CASCADE ON UPDATE CASCADE,
  ADD CONSTRAINT `status_gg_ibfk_2` FOREIGN KEY (`id_tt`) REFERENCES `transmisi_trafo` (`id_tt`) ON DELETE CASCADE ON UPDATE CASCADE,
  ADD CONSTRAINT `status_gg_ibfk_3` FOREIGN KEY (`id_ultg`) REFERENCES `ultg` (`id_ultg`) ON DELETE CASCADE ON UPDATE CASCADE;

--
-- Ketidakleluasaan untuk tabel `transmisi_trafo`
--
ALTER TABLE `transmisi_trafo`
  ADD CONSTRAINT `transmisi_trafo_ibfk_1` FOREIGN KEY (`id_ultg`) REFERENCES `ultg` (`id_ultg`) ON DELETE CASCADE ON UPDATE CASCADE;
COMMIT;

/*!40101 SET CHARACTER_SET_CLIENT=@OLD_CHARACTER_SET_CLIENT */;
/*!40101 SET CHARACTER_SET_RESULTS=@OLD_CHARACTER_SET_RESULTS */;
/*!40101 SET COLLATION_CONNECTION=@OLD_COLLATION_CONNECTION */;
